{"cameraMode":{"drawMode":0,"name":"Shaded","section":"Shading Mode"},"sceneLighting":true,"audioPlay":false,"sceneViewState":{"m_AlwaysRefresh":false,"showFog":true,"showSkybox":true,"showFlares":true,"showImageEffects":true,"showParticleSystems":true,"showVisualEffectGraphs":true,"m_FxEnabled":true},"in2DMode":false,"pivot":{"x":0.07684379070997238,"y":1.244861364364624,"z":-0.9136963486671448},"rotation":{"x":0.09805412590503693,"y":0.005739813670516014,"z":-0.0005655470304191113,"w":0.9951643943786621},"size":2.7460708618164064,"orthographic":true}